Date,HomeTeam,AwayTeam,FTHG,FTAG,FTR,HTGS,ATGS,HTGC,ATGC,HTP,ATP,HM1,HM2,HM3,HM4,HM5,AM1,AM2,AM3,AM4,AM5,MW,HTFormPtsStr,ATFormPtsStr,HTFormPts,ATFormPts,HTWinStreak3,HTWinStreak5,HTLossStreak3,HTLossStreak5,ATWinStreak3,ATWinStreak5,ATLossStreak3,ATLossStreak5,HTGD,ATGD,DiffPts,DiffFormPts
16/08/25,Arsenal,Aston Villa,0,1,A,36,77,10,50,79,50,D,L,W,D,W,W,L,D,D,D,1,DLWDW,WLDDD,8,6,0,0,0,0,0,0,0,0,-28,-15,8,2
16/08/25,Arsenal,Bournemouth,5,3,H,21,76,36,59,26,80,L,L,L,L,W,W,W,L,W,W,2,LLLLW,WWLWW,3,12,0,0,1,0,0,0,0,0,15,30,11,-9
16/08/25,Arsenal,Brentford,4,4,D,17,63,39,59,88,10,L,L,L,L,L,D,L,W,W,D,3,LLLLL,DLWWD,0,8,0,0,1,1,0,0,0,0,12,-29,16,-8
16/08/25,Arsenal,Brighton,0,3,A,57,41,65,69,42,18,W,D,D,D,D,D,D,W,L,W,4,WDDDD,DDWLW,7,8,0,0,0,0,0,0,0,0,-23,47,-3,-1
16/08/25,Arsenal,Burnley,5,4,H,25,52,68,15,57,24,D,L,W,D,W,D,D,L,L,W,5,DLWDW,DDLLW,8,5,0,0,0,0,0,0,0,0,14,47,-9,3
16/08/25,Arsenal,Chelsea,4,1,H,74,29,68,61,51,16,L,W,W,D,D,D,W,D,D,L,6,LWWDD,DWDDL,8,6,0,0,0,0,0,0,0,0,5,48,3,2
16/08/25,Arsenal,Crystal Palace,1,4,A,78,13,40,22,76,30,L,L,W,D,L,D,L,W,L,W,7,LLWDL,DLWLW,4,7,0,0,0,0,0,0,0,0,-15,26,-6,-3
16/08/25,Arsenal,Everton,5,1,H,53,19,65,58,15,42,W,W,L,W,W,W,W,W,L,W,8,WWLWW,WWWLW,12,12,0,0,0,0,1,0,0,0,10,-25,13,0
16/08/25,Arsenal,Fulham,1,3,A,80,80,31,44,17,46,L,D,L,L,W,W,L,L,D,W,9,LDLLW,WLLDW,4,7,0,0,0,0,0,0,0,0,33,-21,-12,-3
16/08/25,Arsenal,Leeds,4,3,H,21,65,14,69,66,42,W,D,D,W,D,L,L,D,L,D,10,WDDWD,LLDLD,9,2,0,0,0,0,0,0,0,0,-16,44,-10,7
16/08/25,Arsenal,Liverpool,2,0,H,73,56,36,27,41,87,L,L,D,D,D,L,L,D,L,W,11,LLDDD,LLDLW,3,4,0,0,0,0,0,0,0,0,-17,46,20,-1
16/08/25,Arsenal,Man City,4,3,H,45,78,22,68,58,69,L,W,W,L,D,D,D,D,D,W,12,LWWLD,DDDDW,7,7,0,0,0,0,0,0,0,0,3,-4,-10,0
16/08/25,Arsenal,Man United,5,3,H,22,29,12,24,78,54,L,L,D,W,D,L,D,L,W,W,13,LLDWD,LDLWW,5,7,0,0,0,0,0,0,0,0,29,15,-14,-2
16/08/25,Arsenal,Newcastle,3,4,A,17,43,35,20,35,57,L,W,L,L,W,L,D,W,D,D,14,LWLLW,LDWDD,6,6,0,0,0,0,0,0,0,0,22,19,-10,0
16/08/25,Arsenal,Nottingham Forest,4,2,H,33,24,42,61,67,79,D,L,D,D,L,D,D,D,L,L,15,DLDDL,DDDLL,3,3,0,0,0,0,0,0,0,0,19,37,-10,0
16/08/25,Arsenal,Sunderland,1,0,H,80,15,11,62,10,17,L,L,W,D,W,L,D,D,W,L,16,LLWDW,LDDWL,7,5,0,0,0,0,0,0,0,0,46,31,19,2
16/08/25,Arsenal,Tottenham,0,3,A,43,57,64,57,42,80,L,L,L,W,D,W,D,L,L,W,17,LLLWD,WDLLW,4,7,0,0,1,0,0,0,0,0,-6,34,-2,-3
16/08/25,Arsenal,West Ham,4,3,H,16,19,68,69,81,31,L,D,L,L,L,L,D,W,W,W,18,LDLLL,LDWWW,1,10,0,0,0,0,0,0,0,0,46,45,0,-9
16/08/25,Arsenal,Wolves,1,3,A,59,68,24,60,89,38,D,W,W,D,L,D,W,D,W,D,19,DWWDL,DWDWD,8,9,0,0,0,0,0,0,0,0,12,-14,2,-1
16/08/25,Aston Villa,Arsenal,5,1,H,55,53,28,33,25,59,D,L,W,L,L,L,L,D,L,W,20,DLWLL,LLDLW,4,4,0,0,0,0,0,0,0,0,-16,25,18,0
16/08/25,Aston Villa,Bournemouth,5,2,H,38,18,32,16,7,78,L,D,L,W,D,L,L,L,L,D,21,LDLWD,LLLLD,5,1,0,0,0,0,0,0,1,0,-9,4,9,4
16/08/25,Aston Villa,Brentford,4,4,D,47,68,22,25,7,35,L,L,L,W,D,L,L,W,D,L,22,LLLWD,LLWDL,4,4,0,0,1,0,0,0,0,0,-20,44,11,0
16/08/25,Aston Villa,Brighton,0,4,A,52,13,44,52,49,12,D,W,D,D,L,W,L,L,L,W,23,DWDDL,WLLLW,6,6,0,0,0,0,0,0,0,0,9,17,15,0
16/08/25,Aston Villa,Burnley,0,3,A,23,11,24,19,82,47,D,D,L,L,L,D,W,L,D,D,24,DDLLL,DWLDD,2,6,0,0,0,0,0,0,0,0,-17,-21,-16,-4
16/08/25,Aston Villa,Chelsea,0,1,A,49,61,51,58,63,52,L,D,L,W,D,L,W,L,L,D,25,LDLWD,LWLLD,5,4,0,0,0,0,0,0,0,0,47,21,-18,1
16/08/25,Aston Villa,Crystal Palace,4,0,H,44,46,59,53,64,79,D,L,W,W,L,L,D,W,W,W,26,DLWWL,LDWWW,7,10,0,0,0,0,0,0,0,0,15,-9,-15,-3
16/08/25,Aston Villa,Everton,1,2,A,29,47,32,25,82,52,W,L,W,L,L,L,D,L,W,L,27,WLWLL,LDLWL,6,4,0,0,0,0,0,0,0,0,-6,-8,17,2
16/08/25,Aston Villa,Fulham,0,2,A,66,31,24,20,49,23,L,D,W,W,L,D,L,W,L,L,28,LDWWL,DLWLL,7,4,0,0,0,0,0,0,0,0,13,35,19,3
16/08/25,Aston Villa,Leeds,1,4,A,60,10,29,65,3,8,L,D,L,D,L,W,W,W,D,L,29,LDLDL,WWWDL,2,10,0,0,0,0,1,0,0,0,27,20,4,-8
16/08/25,Aston Villa,Liverpool,1,1,D,74,62,69,65,3,82,W,L,L,W,D,D,D,W,W,D,30,WLLWD,DDWWD,7,9,0,0,0,0,0,0,0,0,50,-20,-17,-2
16/08/25,Aston Villa,Man City,4,3,H,74,60,39,32,73,86,D,D,L,W,L,L,L,L,L,L,31,DDLWL,LLLLL,5,0,0,0,0,0,0,0,1,1,35,6,17,5
16/08/25,Aston Villa,Man United,2,4,A,38,63,15,20,56,40,L,D,W,D,L,L,L,W,W,L,32,LDWDL,LLWWL,5,6,0,0,0,0,0,0,0,0,3,-2,-9,-1
16/08/25,Aston Villa,Newcastle,0,2,A,68,42,66,36,84,20,L,W,L,D,W,D,W,L,W,L,33,LWLDW,DWLWL,7,7,0,0,0,0,0,0,0,0,27,5,-18,0
16/08/25,Aston Villa,Nottingham Forest,2,4,A,79,75,43,21,7,6,L,L,L,W,L,L,W,D,L,L,34,LLLWL,LWDLL,3,4,0,0,1,0,0,0,0,0,-26,3,5,-1
16/08/25,Aston Villa,Sunderland,5,3,H,24,79,55,23,30,48,L,D,W,D,L,L,W,W,W,L,35,LDWDL,LWWWL,5,9,0,0,0,0,0,0,0,0,-11,-27,-4,-4
16/08/25,Aston Villa,Tottenham,0,0,D,72,44,64,22,29,55,D,L,W,L,D,D,W,D,W,D,36,DLWLD,DWDWD,5,9,0,0,0,0,0,0,0,0,1,-4,16,-4
16/08/25,Aston Villa,West Ham,3,3,D,68,35,18,43,66,13,D,W,L,L,D,L,L,L,W,W,37,DWLLD,LLLWW,5,6,0,0,0,0,0,0,1,0,40,47,18,-1
16/08/25,Aston Villa,Wolves,0,4,A,26,42,25,70,29,26,W,W,L,L,L,L,L,W,L,W,38,WWLLL,LLWLW,6,6,0,0,0,0,0,0,0,0,2,40,-15,0
16/08/25,Bournemouth,Arsenal,1,3,A,16,80,14,19,21,60,D,D,L,W,L,L,L,D,D,L,39,DDLWL,LLDDL,5,2,0,0,0,0,0,0,0,0,-27,-9,-1,3
16/08/25,Bournemouth,Aston Villa,5,1,H,26,49,64,33,22,8,L,W,L,D,W,L,W,D,L,D,40,LWLDW,LWDLD,7,5,0,0,0,0,0,0,0,0,21,-16,20,2
16/08/25,Bournemouth,Brentford,0,1,A,49,36,66,25,62,43,L,D,W,W,L,L,L,D,D,W,41,LDWWL,LLDDW,7,5,0,0,0,0,0,0,0,0,10,-16,16,2
16/08/25,Bournemouth,Brighton,0,3,A,18,28,23,55,67,77,W,L,L,W,W,W,L,D,W,D,42,WLLWW,WLDWD,9,8,0,0,0,0,0,0,0,0,7,-19,17,1
16/08/25,Bournemouth,Burnley,1,2,A,71,63,30,17,72,66,W,W,L,D,L,L,W,W,D,L,43,WWLDL,LWWDL,7,7,0,0,0,0,0,0,0,0,-25,12,3,0
16/08/25,Bournemouth,Chelsea,1,1,D,52,65,12,52,52,61,D,W,D,W,D,W,D,W,W,L,44,DWDWD,WDWWL,9,10,0,0,0,0,0,0,0,0,1,-28,10,-1
16/08/25,Bournemouth,Crystal Palace,4,2,H,55,55,26,58,67,77,D,L,L,L,D,W,L,W,L,L,45,DLLLD,WLWLL,2,6,0,0,0,0,0,0,0,0,16,43,4,-4
16/08/25,Bournemouth,Everton,5,3,H,50,54,62,66,52,3,D,W,W,W,L,L,W,D,D,D,46,DWWWL,LWDDD,10,6,0,0,0,0,0,0,0,0,0,28,14,4
16/08/25,Bournemouth,Fulham,1,2,A,32,37,20,30,44,73,D,W,D,L,L,D,D,W,L,D,47,DWDLL,DDWLD,5,6,0,0,0,0,0,0,0,0,-18,27,-16,-1
16/08/25,Bournemouth,Leeds,4,1,H,20,77,30,61,60,16,W,D,W,W,W,L,W,D,L,W,48,WDWWW,LWDLW,13,7,0,0,0,0,0,0,0,0,22,-2,10,6
16/08/25,Bournemouth,Liverpool,3,0,H,77,79,56,12,47,25,W,W,L,D,W,D,W,L,L,L,49,WWLDW,DWLLL,10,4,0,0,0,0,0,0,0,0,6,7,10,6
16/08/25,Bournemouth,Man City,3,3,D,11,32,54,48,56,50,D,L,W,W,D,L,D,D,W,D,50,DLWWD,LDDWD,8,6,0,0,0,0,0,0,0,0,0,-23,-4,2
16/08/25,Bournemouth,Man United,1,3,A,14,58,50,25,27,62,W,W,L,D,W,W,W,D,W,L,51,WWLDW,WWDWL,10,10,0,0,0,0,0,0,0,0,40,21,7,0
16/08/25,Bournemouth,Newcastle,3,3,D,65,72,18,38,34,21,D,D,D,L,L,W,D,D,W,W,52,DDDLL,WDDWW,3,11,0,0,0,0,0,0,0,0,-29,-6,7,-8
16/08/25,Bournemouth,Nottingham Forest,2,0,H,11,53,62,17,65,45,W,W,D,D,W,D,W,D,L,L,53,WWDDW,DWDLL,11,5,0,0,0,0,0,0,0,0,17,4,10,6
16/08/25,Bournemouth,Sunderland,4,1,H,17,60,57,51,12,78,W,L,W,D,D,W,D,D,W,W,54,WLWDD,WDDWW,8,11,0,0,0,0,0,0,0,0,-13,1,-8,-3
16/08/25,Bournemouth,Tottenham,3,3,D,13,32,63,52,69,16,D,W,W,W,L,W,W,L,W,L,55,DWWWL,WWLWL,10,9,0,0,0,0,0,0,0,0,-9,13,12,1
16/08/25,Bournemouth,West Ham,5,2,H,43,11,45,56,41,34,D,L,L,W,W,L,D,W,L,D,56,DLLWW,LDWLD,7,5,0,0,0,0,0,0,0,0,16,2,12,2
16/08/25,Bournemouth,Wolves,4,0,H,36,39,46,37,38,19,W,D,L,D,D,W,W,L,D,W,57,WDLDD,WWLDW,6,10,0,0,0,0,0,0,0,0,50,3,-7,-4
16/08/25,Brentford,Arsenal,2,1,H,20,58,16,16,27,87,W,L,L,D,D,L,D,L,D,W,58,WLLDD,LDLDW,5,5,0,0,0,0,0,0,0,0,38,48,8,0
16/08/25,Brentford,Aston Villa,0,0,D,68,11,58,43,16,56,L,W,W,D,W,W,W,D,W,L,59,LWWDW,WWDWL,10,10,0,0,0,0,0,0,0,0,1,50,20,0
16/08/25,Brentford,Bournemouth,5,1,H,15,22,65,48,25,9,D,W,W,D,W,W,L,L,W,D,60,DWWDW,WLLWD,11,7,0,0,0,0,0,0,0,0,23,35,-6,4
16/08/25,Brentford,Brighton,3,2,H,59,47,65,69,19,72,D,W,L,W,D,L,L,W,D,W,61,DWLWD,LLWDW,8,7,0,0,0,0,0,0,0,0,39,-6,-14,1
16/08/25,Brentford,Burnley,1,2,A,42,62,36,59,52,80,D,W,W,W,W,D,L,D,W,L,62,DWWWW,DLDWL,13,5,0,0,0,0,0,0,0,0,20,10,18,8
16/08/25,Brentford,Chelsea,3,2,H,71,41,55,15,26,60,D,L,L,D,W,D,L,L,W,D,63,DLLDW,DLLWD,5,5,0,0,0,0,0,0,0,0,6,-7,-1,0
16/08/25,Brentford,Crystal Palace,1,4,A,43,50,28,55,84,32,W,W,W,D,L,L,W,D,L,L,64,WWWDL,LWDLL,10,4,1,0,0,0,0,0,0,0,29,-1,11,6
16/08/25,Brentford,Everton,3,1,H,50,76,64,53,5,21,L,D,W,D,D,W,W,W,W,D,65,LDWDD,WWWWD,6,13,0,0,0,0,1,0,0,0,-17,24,-11,-7
16/08/25,Brentford,Fulham,4,3,H,68,42,65,54,42,31,L,W,D,W,D,L,L,W,W,W,66,LWDWD,LLWWW,8,9,0,0,0,0,0,0,0,0,43,-6,0,-1
16/08/25,Brentford,Leeds,4,0,H,27,24,14,70,44,9,L,D,W,L,L,W,D,W,L,L,67,LDWLL,WDWLL,4,7,0,0,0,0,0,0,0,0,9,-5,-11,-3
16/08/25,Brentford,Liverpool,2,1,H,44,78,20,59,41,22,L,W,D,D,L,L,W,D,L,L,68,LWDDL,LWDLL,5,4,0,0,0,0,0,0,0,0,41,6,-18,1
16/08/25,Brentford,Man City,3,4,A,76,69,21,32,40,81,L,D,L,D,W,D,W,W,W,D,69,LDLDW,DWWWD,5,11,0,0,0,0,0,0,0,0,3,-15,19,-6
16/08/25,Brentford,Man United,0,4,A,44,25,20,23,8,18,D,W,L,L,L,D,W,L,D,L,70,DWLLL,DWLDL,4,5,0,0,0,0,0,0,0,0,46,18,-15,-1
16/08/25,Brentford,Newcastle,0,1,A,53,29,51,51,65,33,D,D,W,L,W,W,W,D,D,W,71,DDWLW,WWDDW,8,11,0,0,0,0,0,0,0,0,39,50,4,-3
16/08/25,Brentford,Nottingham Forest,5,2,H,74,26,28,49,22,75,L,D,D,W,L,D,W,L,W,W,72,LDDWL,DWLWW,5,10,0,0,0,0,0,0,0,0,-27,7,-12,-5
16/08/25,Brentford,Sunderland,3,4,A,65,28,15,24,72,50,W,W,W,W,L,D,L,D,W,W,73,WWWWL,DLDWW,12,8,1,0,0,0,0,0,0,0,-28,-2,-16,4
16/08/25,Brentford,Tottenham,4,3,H,73,70,10,30,28,85,D,L,L,L,W,W,W,D,W,L,74,DLLLW,WWDWL,4,10,0,0,0,0,0,0,0,0,4,42,-12,-6
16/08/25,Brentford,West Ham,3,2,H,29,71,66,43,65,50,L,W,W,L,W,W,L,L,D,D,75,LWWLW,WLLDD,9,5,0,0,0,0,0,0,0,0,5,-11,20,4
16/08/25,Brentford,Wolves,3,1,H,52,22,55,63,2,25,L,D,D,L,W,W,D,L,D,W,76,LDDLW,WDLDW,5,8,0,0,0,0,0,0,0,0,19,-22,-13,-3
16/08/25,Brighton,Arsenal,4,1,H,35,71,50,19,5,48,W,W,L,W,L,L,L,W,W,W,77,WWLWL,LLWWW,9,9,0,0,0,0,0,0,0,0,39,-19,-12,0
16/08/25,Brighton,Aston Villa,5,2,H,75,17,22,18,13,56,L,W,L,L,L,L,D,D,W,D,78,LWLLL,LDDWD,3,6,0,0,0,0,0,0,0,0,24,-15,-17,-3
16/08/25,Brighton,Bournemouth,3,4,A,26,10,52,19,39,57,D,W,D,L,L,D,W,D,W,D,79,DWDLL,DWDWD,5,9,0,0,0,0,0,0,0,0,-30,12,15,-4
16/08/25,Brighton,Brentford,3,0,H,33,14,47,33,1,87,W,L,W,D,W,L,W,W,W,L,80,WLWDW,LWWWL,10,9,0,0,0,0,0,0,0,0,-18,-15,2,1
16/08/25,Brighton,Burnley,5,4,H,20,53,64,55,11,79,L,W,L,L,W,L,L,L,L,L,81,LWLLW,LLLLL,6,0,0,0,0,0,0,0,1,1,-19,-13,20,6
16/08/25,Brighton,Chelsea,2,0,H,26,21,53,22,71,6,D,W,D,D,W,D,W,W,L,L,82,DWDDW,DWWLL,9,7,0,0,0,0,0,0,0,0,9,3,-5,2
16/08/25,Brighton,Crystal Palace,1,2,A,35,57,20,45,60,74,D,W,L,W,D,W,D,L,D,W,83,DWLWD,WDLDW,8,8,0,0,0,0,0,0,0,0,-17,-18,-13,0
16/08/25,Brighton,Everton,0,4,A,47,49,24,50,67,23,W,D,W,D,L,L,D,W,W,D,84,WDWDL,LDWWD,8,8,0,0,0,0,0,0,0,0,48,-13,-20,0
16/08/25,Brighton,Fulham,3,2,H,10,36,39,68,72,17,D,D,D,D,L,D,D,D,W,W,85,DDDDL,DDDWW,4,9,0,0,0,0,0,0,0,0,40,-13,-3,-5
16/08/25,Brighton,Leeds,0,3,A,34,38,29,55,53,68,W,L,L,W,D,W,W,W,D,L,86,WLLWD,WWWDL,7,10,0,0,0,0,1,0,0,0,-20,-20,17,-3
16/08/25,Brighton,Liverpool,4,4,D,75,60,28,48,52,46,W,D,L,D,W,L,L,D,D,L,87,WDLDW,LLDDL,8,2,0,0,0,0,0,0,0,0,40,31,-11,6
16/08/25,Brighton,Man City,4,1,H,54,12,19,67,72,82,L,W,L,W,W,L,L,D,L,L,88,LWLWW,LLDLL,9,1,0,0,0,0,0,0,0,0,38,-22,-7,8
16/08/25,Brighton,Man United,1,3,A,50,49,57,69,16,37,W,L,W,W,W,D,W,D,W,L,89,WLWWW,DWDWL,12,8,0,0,0,0,0,0,0,0,20,-26,-17,4
16/08/25,Brighton,Newcastle,4,3,H,51,66,34,41,87,84,D,L,W,L,L,W,D,W,D,D,90,DLWLL,WDWDD,4,9,0,0,0,0,0,0,0,0,32,46,6,-5
16/08/25,Brighton,Nottingham Forest,5,2,H,57,26,53,10,32,47,D,L,D,D,W,D,D,W,L,L,91,DLDDW,DDWLL,6,5,0,0,0,0,0,0,0,0,45,25,2,1
16/08/25,Brighton,Sunderland,2,1,H,58,28,56,57,80,48,L,L,D,W,W,D,W,D,W,W,92,LLDWW,DWDWW,7,11,0,0,0,0,0,0,0,0,27,43,13,-4
16/08/25,Brighton,Tottenham,3,2,H,68,64,12,60,27,90,L,D,W,W,W,D,L,W,D,L,93,LDWWW,DLWDL,10,5,0,0,0,0,0,0,0,0,-6,13,11,5
16/08/25,Brighton,West Ham,1,1,D,48,19,41,35,80,9,L,L,D,L,L,L,D,W,D,D,94,LLDLL,LDWDD,1,6,0,0,0,0,0,0,0,0,49,10,-14,-5
16/08/25,Brighton,Wolves,4,0,H,79,50,43,58,52,60,L,W,D,D,W,D,W,L,W,L,95,LWDDW,DWLWL,8,7,0,0,0,0,0,0,0,0,8,38,15,1
16/08/25,Burnley,Arsenal,5,3,H,29,64,50,19,86,0,W,L,D,W,L,W,W,L,W,W,96,WLDWL,WWLWW,7,12,0,0,0,0,0,0,0,0,34,-18,-11,-5
16/08/25,Burnley,Aston Villa,0,3,A,63,10,65,25,32,31,L,D,D,W,W,D,D,L,L,L,97,LDDWW,DDLLL,8,2,0,0,0,0,0,0,0,0,-8,42,-1,6
16/08/25,Burnley,Bournemouth,2,0,H,76,62,18,55,87,6,W,W,L,W,L,D,L,D,L,W,98,WWLWL,DLDLW,9,5,0,0,0,0,0,0,0,0,28,25,13,4
16/08/25,Burnley,Brentford,0,1,A,80,26,61,59,67,59,L,W,W,L,W,L,L,D,W,D,99,LWWLW,LLDWD,9,5,0,0,0,0,0,0,0,0,17,6,12,4
16/08/25,Burnley,Brighton,0,1,A,42,12,11,37,2,60,L,D,W,D,W,D,L,D,D,L,100,LDWDW,DLDDL,8,3,0,0,0,0,0,0,0,0,50,-25,4,5
16/08/25,Burnley,Chelsea,5,3,H,58,66,14,59,58,38,L,W,L,D,D,L,D,D,L,D,101,LWLDD,LDDLD,5,3,0,0,0,0,0,0,0,0,-4,4,9,2
16/08/25,Burnley,Crystal Palace,4,3,H,40,48,48,35,19,46,W,W,D,W,L,L,L,L,D,L,102,WWDWL,LLLDL,10,1,0,0,0,0,0,0,1,0,42,28,-12,9
16/08/25,Burnley,Everton,2,4,A,22,10,32,45,22,12,L,D,D,W,D,D,L,W,W,L,103,LDDWD,DLWWL,6,7,0,0,0,0,0,0,0,0,-23,-15,-5,-1
16/08/25,Burnley,Fulham,3,3,D,79,72,54,47,23,86,W,D,W,L,W,D,W,W,D,L,104,WDWLW,DWWDL,10,8,0,0,0,0,0,0,0,0,-1,5,-1,2
16/08/25,Burnley,Leeds,3,1,H,52,55,40,29,7,55,D,L,L,L,L,W,L,L,D,L,105,DLLLL,WLLDL,1,4,0,0,0,0,0,0,0,0,-4,24,-6,-3
16/08/25,Burnley,Liverpool,1,1,D,55,25,50,42,52,21,L,L,L,D,D,L,L,D,W,L,106,LLLDD,LLDWL,2,4,0,0,1,0,0,0,0,0,16,-1,-18,-2
16/08/25,Burnley,Man City,3,1,H,48,70,64,13,62,90,D,L,L,W,L,L,L,L,W,L,107,DLLWL,LLLWL,4,3,0,0,0,0,0,0,1,0,6,-1,6,1
16/08/25,Burnley,Man United,5,4,H,11,65,19,35,69,84,D,W,L,W,D,D,W,D,W,D,108,DWLWD,DWDWD,8,9,0,0,0,0,0,0,0,0,-10,6,7,-1
16/08/25,Burnley,Newcastle,5,3,H,33,68,11,44,65,46,D,W,W,D,D,L,L,L,D,L,109,DWWDD,LLLDL,9,1,0,0,0,0,0,0,1,0,34,1,-14,8
16/08/25,Burnley,Nottingham Forest,3,3,D,42,18,58,57,2,82,L,W,D,L,L,D,L,L,D,L,110,LWDLL,DLLDL,4,2,0,0,0,0,0,0,0,0,-27,30,-8,2
16/08/25,Burnley,Sunderland,3,4,A,77,38,38,62,62,38,W,D,W,D,D,W,D,W,L,D,111,WDWDD,WDWLD,9,8,0,0,0,0,0,0,0,0,1,-22,13,1
16/08/25,Burnley,Tottenham,5,1,H,62,28,51,10,37,12,D,W,L,W,W,L,D,L,W,L,112,DWLWW,LDLWL,10,4,0,0,0,0,0,0,0,0,29,-26,-20,6
16/08/25,Burnley,West Ham,0,3,A,51,75,58,55,18,46,W,D,W,L,W,D,W,W,L,L,113,WDWLW,DWWLL,10,7,0,0,0,0,0,0,0,0,-11,22,10,3
16/08/25,Burnley,Wolves,4,0,H,25,43,60,25,55,33,L,W,L,W,L,W,L,D,L,D,114,LWLWL,WLDLD,6,5,0,0,0,0,0,0,0,0,48,1,-10,1
16/08/25,Chelsea,Arsenal,2,2,D,67,61,60,58,10,28,D,L,L,L,W,L,D,L,L,L,115,DLLLW,LDLLL,4,1,0,0,0,0,0,0,0,0,32,-3,-5,3
16/08/25,Chelsea,Aston Villa,3,3,D,49,24,61,35,0,43,W,W,L,L,L,W,D,W,W,W,116,WWLLL,WDWWW,6,13,0,0,0,0,0,0,0,0,-29,-3,-17,-7
16/08/25,Chelsea,Bournemouth,1,3,A,58,35,47,26,45,89,D,D,D,D,W,W,D,L,D,W,117,DDDDW,WDLDW,7,8,0,0,0,0,0,0,0,0,-23,-29,-19,-1
16/08/25,Chelsea,Brentford,1,1,D,13,17,19,11,71,10,D,W,D,L,D,L,W,L,D,W,118,DWDLD,LWLDW,6,7,0,0,0,0,0,0,0,0,31,8,-17,-1
16/08/25,Chelsea,Brighton,3,2,H,54,69,68,32,24,68,L,L,D,D,W,D,L,W,D,D,119,LLDDW,DLWDD,5,6,0,0,0,0,0,0,0,0,-2,13,-2,-1
16/08/25,Chelsea,Burnley,4,0,H,15,31,70,23,49,64,D,W,L,W,L,D,L,W,W,D,120,DWLWL,DLWWD,7,8,0,0,0,0,0,0,0,0,-6,11,-11,-1
16/08/25,Chelsea,Crystal Palace,2,2,D,71,35,51,50,67,18,W,W,D,W,W,W,W,W,D,D,121,WWDWW,WWWDD,13,11,0,0,0,0,1,0,0,0,30,1,17,2
16/08/25,Chelsea,Everton,2,4,A,12,65,11,52,22,3,D,D,D,D,W,L,D,D,W,D,122,DDDDW,LDDWD,7,6,0,0,0,0,0,0,0,0,35,43,-2,1
16/08/25,Chelsea,Fulham,2,4,A,52,75,32,42,25,41,L,L,D,D,W,W,D,L,L,W,123,LLDDW,WDLLW,5,7,0,0,0,0,0,0,0,0,-3,-22,-1,-2
16/08/25,Chelsea,Leeds,4,0,H,33,65,56,27,8,39,D,W,L,W,W,W,W,L,D,W,124,DWLWW,WWLDW,10,10,0,0,0,0,0,0,0,0,12,40,0,0
16/08/25,Chelsea,Liverpool,2,0,H,65,64,25,56,6,55,D,W,L,W,D,W,W,D,W,W,125,DWLWD,WWDWW,8,13,0,0,0,0,0,0,0,0,36,-8,-20,-5
16/08/25,Chelsea,Man City,5,3,H,41,28,58,37,22,48,W,D,D,D,W,W,L,W,D,D,126,WDDDW,WLWDD,9,8,0,0,0,0,0,0,0,0,36,-12,-5,1
16/08/25,Chelsea,Man United,4,3,H,64,64,68,39,51,24,L,L,L,D,D,W,D,D,L,L,127,LLLDD,WDDLL,2,5,0,0,1,0,0,0,0,0,10,30,10,-3
16/08/25,Chelsea,Newcastle,0,3,A,56,59,10,47,20,50,D,D,D,D,D,L,W,W,D,L,128,DDDDD,LWWDL,5,7,0,0,0,0,0,0,0,0,11,-14,18,-2
16/08/25,Chelsea,Nottingham Forest,1,4,A,21,10,46,31,21,80,W,W,W,W,W,D,W,D,W,L,129,WWWWW,DWDWL,15,8,1,1,0,0,0,0,0,0,-3,42,5,7
16/08/25,Chelsea,Sunderland,0,2,A,74,49,63,45,75,49,W,D,D,W,W,D,L,D,W,L,130,WDDWW,DLDWL,11,5,0,0,0,0,0,0,0,0,42,10,-17,6
16/08/25,Chelsea,Tottenham,2,0,H,28,22,14,64,26,15,L,L,L,L,D,W,W,D,L,D,131,LLLLD,WWDLD,1,8,0,0,1,0,0,0,0,0,-9,16,16,-7
16/08/25,Chelsea,West Ham,5,4,H,55,77,66,58,25,61,L,W,D,W,W,L,L,L,D,D,132,LWDWW,LLLDD,10,2,0,0,0,0,0,0,1,0,9,-12,0,8
16/08/25,Chelsea,Wolves,1,4,A,49,44,22,43,71,81,W,W,D,L,W,L,D,D,L,D,133,WWDLW,LDDLD,10,3,0,0,0,0,0,0,0,0,-9,46,-14,7
16/08/25,Crystal Palace,Arsenal,1,4,A,52,71,64,14,6,80,L,D,D,L,L,W,L,W,L,L,134,LDDLL,WLWLL,2,6,0,0,0,0,0,0,0,0,-16,30,-1,-4
16/08/25,Crystal Palace,Aston Villa,4,4,D,31,53,69,16,9,74,D,L,L,L,W,W,L,D,L,D,135,DLLLW,WLDLD,4,5,0,0,0,0,0,0,0,0,45,48,-16,-1
16/08/25,Crystal Palace,Bournemouth,0,2,A,56,48,10,41,25,13,W,W,W,D,D,W,L,D,L,W,136,WWWDD,WLDLW,11,7,1,0,0,0,0,0,0,0,-30,-14,10,4
16/08/25,Crystal Palace,Brentford,1,2,A,54,32,20,57,17,66,D,L,L,D,D,W,L,D,D,L,137,DLLDD,WLDDL,3,5,0,0,0,0,0,0,0,0,17,-4,14,-2
16/08/25,Crystal Palace,Brighton,2,3,A,62,27,55,36,1,51,W,L,W,L,W,W,L,W,D,W,138,WLWLW,WLWDW,9,10,0,0,0,0,0,0,0,0,17,40,-10,-1
16/08/25,Crystal Palace,Burnley,4,0,H,69,62,23,24,77,30,W,D,D,W,D,W,D,W,W,L,139,WDDWD,WDWWL,9,10,0,0,0,0,0,0,0,0,7,6,-14,-1
16/08/25,Crystal Palace,Chelsea,4,3,H,26,53,40,32,3,62,W,D,L,W,L,L,L,L,L,L,140,WDLWL,LLLLL,7,0,0,0,0,0,0,0,1,1,25,19,-2,7
16/08/25,Crystal Palace,Everton,0,4,A,22,66,28,49,2,21,L,L,L,D,W,W,W,D,D,W,141,LLLDW,WWDDW,4,11,0,0,1,0,0,0,0,0,49,44,1,-7
16/08/25,Crystal Palace,Fulham,5,3,H,73,74,55,56,68,43,D,L,W,W,D,L,L,D,D,D,142,DLWWD,LLDDD,8,3,0,0,0,0,0,0,0,0,37,-18,17,5
16/08/25,Crystal Palace,Leeds,5,2,H,54,31,32,28,2,31,W,D,D,W,W,W,L,D,D,L,143,WDDWW,WLDDL,11,5,0,0,0,0,0,0,0,0,16,11,18,6
16/08/25,Crystal Palace,Liverpool,0,1,A,25,78,36,30,16,47,L,D,D,L,W,L,D,L,D,D,144,LDDLW,LDLDD,5,3,0,0,0,0,0,0,0,0,16,17,2,2
16/08/25,Crystal Palace,Man City,2,0,H,30,11,68,33,31,16,L,L,L,D,W,D,D,W,W,L,145,LLLDW,DDWWL,4,8,0,0,1,0,0,0,0,0,-1,10,8,-4
16/08/25,Crystal Palace,Man United,4,0,H,38,68,58,65,61,27,L,L,D,L,D,L,L,L,L,L,146,LLDLD,LLLLL,2,0,0,0,0,0,0,0,1,1,27,5,-18,2
16/08/25,Crystal Palace,Newcastle,2,2,D,21,46,15,22,38,15,W,L,D,W,W,D,W,L,D,L,147,WLDWW,DWLDL,10,5,0,0,0,0,0,0,0,0,43,14,14,5
16/08/25,Crystal Palace,Nottingham Forest,3,1,H,52,77,20,51,46,78,W,D,W,L,W,D,W,L,W,W,148,WDWLW,DWLWW,10,10,0,0,0,0,0,0,0,0,-27,-24,-14,0
16/08/25,Crystal Palace,Sunderland,1,4,A,52,10,38,48,31,44,L,L,D,L,L,D,L,L,D,W,149,LLDLL,DLLDW,1,5,0,0,0,0,0,0,0,0,39,-2,1,-4
16/08/25,Crystal Palace,Tottenham,3,3,D,53,65,26,17,8,2,D,D,D,D,D,D,L,W,L,D,150,DDDDD,DLWLD,5,5,0,0,0,0,0,0,0,0,12,35,-17,0
16/08/25,Crystal Palace,West Ham,1,4,A,75,73,57,40,82,4,W,L,D,D,D,W,D,D,L,D,151,WLDDD,WDDLD,6,6,0,0,0,0,0,0,0,0,-13,-25,-17,0
16/08/25,Crystal Palace,Wolves,4,2,H,77,29,12,42,3,89,D,L,W,D,L,L,D,W,W,D,152,DLWDL,LDWWD,5,8,0,0,0,0,0,0,0,0,17,11,-13,-3
16/08/25,Everton,Arsenal,2,3,A,35,68,55,30,38,23,W,D,D,L,W,W,D,W,W,D,153,WDDLW,WDWWD,8,11,0,0,0,0,0,0,0,0,44,43,-3,-3
16/08/25,Everton,Aston Villa,3,1,H,13,75,47,18,44,24,D,W,L,L,D,W,L,D,D,W,154,DWLLD,WLDDW,5,8,0,0,0,0,0,0,0,0,-29,23,-13,-3
16/08/25,Everton,Bournemouth,2,4,A,67,43,38,69,83,14,W,D,L,L,W,L,L,L,L,W,155,WDLLW,LLLLW,7,3,0,0,0,0,0,0,1,0,15,-30,-8,4
16/08/25,Everton,Brentford,1,1,D,12,12,64,53,69,56,W,W,L,L,L,L,W,D,D,W,156,WWLLL,LWDDW,6,8,0,0,0,0,0,0,0,0,40,4,3,-2
16/08/25,Everton,Brighton,2,2,D,59,80,58,11,45,30,W,D,W,W,D,W,L,L,W,D,157,WDWWD,WLLWD,11,7,0,0,0,0,0,0,0,0,8,15,8,4
16/08/25,Everton,Burnley,0,3,A,28,74,24,36,15,8,W,W,W,L,D,L,L,D,W,W,158,WWWLD,LLDWW,10,7,1,0,0,0,0,0,0,0,-20,2,-12,3
16/08/25,Everton,Chelsea,3,4,A,63,38,57,53,17,66,D,D,W,L,D,D,D,W,D,D,159,DDWLD,DDWDD,6,7,0,0,0,0,0,0,0,0,9,-25,-1,-1
16/08/25,Everton,Crystal Palace,0,4,A,60,64,40,26,41,36,L,D,D,W,D,D,L,L,D,D,160,LDDWD,DLLDD,6,3,0,0,0,0,0,0,0,0,5,47,1,3
16/08/25,Everton,Fulham,5,1,H,67,42,33,37,27,44,D,D,L,W,W,W,L,W,D,W,161,DDLWW,WLWDW,8,10,0,0,0,0,0,0,0,0,-6,-23,6,-2
16/08/25,Everton,Leeds,0,4,A,43,11,36,12,42,74,D,D,W,W,L,L,W,L,D,L,162,DDWWL,LWLDL,8,4,0,0,0,0,0,0,0,0,-17,14,-2,4
16/08/25,Everton,Liverpool,2,0,H,46,15,50,24,64,71,D,D,L,D,D,W,W,L,D,W,163,DDLDD,WWLDW,4,10,0,0,0,0,0,0,0,0,-4,37,-10,-6
16/08/25,Everton,Man City,0,2,A,30,15,64,28,61,18,L,L,D,L,L,L,D,W,D,W,164,LLDLL,LDWDW,1,8,0,0,0,0,0,0,0,0,35,-4,-17,-7
16/08/25,Everton,Man United,1,4,A,61,79,22,34,20,78,L,L,D,D,W,W,W,L,W,L,165,LLDDW,WWLWL,5,9,0,0,0,0,0,0,0,0,20,14,5,-4
16/08/25,Everton,Newcastle,5,3,H,14,14,42,59,23,16,D,W,L,D,D,L,W,L,D,W,166,DWLDD,LWLDW,6,7,0,0,0,0,0,0,0,0,-18,35,-4,-1
16/08/25,Everton,Nottingham Forest,2,2,D,59,52,67,14,77,12,D,W,W,W,L,W,D,D,L,W,167,DWWWL,WDDLW,10,8,0,0,0,0,0,0,0,0,-23,-15,1,2
16/08/25,Everton,Sunderland,4,2,H,27,34,32,50,31,25,D,D,W,D,L,L,W,L,L,W,168,DDWDL,LWLLW,6,6,0,0,0,0,0,0,0,0,-27,33,-9,0
16/08/25,Everton,Tottenham,5,1,H,18,19,41,37,56,78,D,W,W,L,L,W,D,W,D,D,169,DWWLL,WDWDD,7,9,0,0,0,0,0,0,0,0,-20,4,6,-2
16/08/25,Everton,West Ham,3,0,H,77,29,68,55,4,48,W,W,D,L,W,L,L,L,D,W,170,WWDLW,LLLDW,10,4,0,0,0,0,0,0,1,0,-19,33,-4,6
16/08/25,Everton,Wolves,4,3,H,14,62,18,29,64,79,W,L,D,L,D,L,L,D,D,W,171,WLDLD,LLDDW,5,5,0,0,0,0,0,0,0,0,25,26,-5,0
16/08/25,Fulham,Arsenal,0,4,A,39,33,55,32,6,38,W,D,L,D,D,D,W,W,W,L,172,WDLDD,DWWWL,6,10,0,0,0,0,0,0,0,0,-16,9,-4,-4
16/08/25,Fulham,Aston Villa,4,2,H,52,20,20,12,25,0,D,D,W,W,L,L,W,W,W,W,173,DDWWL,LWWWW,8,12,0,0,0,0,0,0,0,0,49,-6,-3,-4
16/08/25,Fulham,Bournemouth,0,1,A,42,25,65,53,13,77,D,W,D,L,L,L,W,D,D,L,174,DWDLL,LWDDL,5,5,0,0,0,0,0,0,0,0,27,12,1,0
16/08/25,Fulham,Brentford,4,0,H,29,36,11,61,21,39,W,D,W,D,L,L,D,L,L,D,175,WDWDL,LDLLD,8,2,0,0,0,0,0,0,0,0,-15,-18,3,6
16/08/25,Fulham,Brighton,5,4,H,47,58,10,64,31,46,D,W,L,D,L,D,D,D,W,L,176,DWLDL,DDDWL,5,6,0,0,0,0,0,0,0,0,5,-22,20,-1
16/08/25,Fulham,Burnley,1,1,D,68,72,27,44,76,4,W,W,W,W,L,W,L,D,L,D,177,WWWWL,WLDLD,12,5,1,0,0,0,0,0,0,0,25,17,9,7
16/08/25,Fulham,Chelsea,3,1,H,13,46,20,40,41,47,D,W,L,W,W,D,D,W,W,W,178,DWLWW,DDWWW,10,11,0,0,0,0,0,0,0,0,38,9,3,-1
16/08/25,Fulham,Crystal Palace,4,2,H,22,46,10,15,23,46,D,D,L,D,W,W,D,L,L,L,179,DDLDW,WDLLL,6,4,0,0,0,0,0,0,0,0,-13,-26,17,2
16/08/25,Fulham,Everton,1,3,A,63,56,48,66,24,28,L,D,W,W,L,W,D,W,L,D,180,LDWWL,WDWLD,7,8,0,0,0,0,0,0,0,0,-11,24,-18,-1
16/08/25,Fulham,Leeds,3,0,H,52,44,35,62,35,5,D,D,L,W,D,W,D,D,D,W,181,DDLWD,WDDDW,6,9,0,0,0,0,0,0,0,0,-8,46,-14,-3
16/08/25,Fulham,Liverpool,3,2,H,23,80,24,18,81,12,W,D,L,D,L,L,W,L,W,W,182,WDLDL,LWLWW,5,9,0,0,0,0,0,0,0,0,46,30,16,-4
16/08/25,Fulham,Man City,1,4,A,15,76,68,54,20,26,L,L,D,D,W,L,L,W,L,D,183,LLDDW,LLWLD,5,4,0,0,0,0,0,0,0,0,-19,26,12,1
16/08/25,Fulham,Man United,2,1,H,68,20,46,60,63,5,D,L,D,D,L,D,D,W,L,L,184,DLDDL,DDWLL,3,5,0,0,0,0,0,0,0,0,2,-30,13,-2
16/08/25,Fulham,Newcastle,2,1,H,33,25,59,63,17,78,W,L,W,W,W,D,L,L,D,D,185,WLWWW,DLLDD,12,3,0,0,0,0,0,0,0,0,1,-18,-19,9
16/08/25,Fulham,Nottingham Forest,3,3,D,64,26,50,65,16,10,D,D,W,L,D,W,L,D,L,W,186,DDWLD,WLDLW,6,7,0,0,0,0,0,0,0,0,15,-17,-18,-1
16/08/25,Fulham,Sunderland,4,4,D,15,31,19,34,80,45,D,D,D,D,D,W,W,W,D,W,187,DDDDD,WWWDW,5,13,0,0,0,0,1,0,0,0,4,45,-9,-8
16/08/25,Fulham,Tottenham,4,0,H,22,20,51,30,31,73,D,L,D,D,W,D,L,D,L,W,188,DLDDW,DLDLW,6,5,0,0,0,0,0,0,0,0,-2,0,10,1
16/08/25,Fulham,West Ham,3,4,A,59,30,56,42,16,4,L,W,L,D,L,W,L,W,D,L,189,LWLDL,WLWDL,4,7,0,0,0,0,0,0,0,0,-29,22,8,-3
16/08/25,Fulham,Wolves,0,2,A,63,13,57,40,90,4,D,W,L,D,D,D,D,L,D,W,190,DWLDD,DDLDW,6,6,0,0,0,0,0,0,0,0,18,-25,3,0
16/08/25,Leeds,Arsenal,5,4,H,62,73,37,31,64,40,L,D,D,W,D,L,L,D,L,D,191,LDDWD,LLDLD,6,2,0,0,0,0,0,0,0,0,-17,21,2,4
16/08/25,Leeds,Aston Villa,2,3,A,72,18,43,38,77,32,D,W,L,D,D,L,W,L,L,D,192,DWLDD,LWLLD,6,4,0,0,0,0,0,0,0,0,-1,45,-10,2
16/08/25,Leeds,Bournemouth,4,2,H,37,75,21,11,30,64,W,W,W,D,D,W,L,L,W,W,193,WWWDD,WLLWW,11,9,1,0,0,0,0,0,0,0,23,45,-4,2
16/08/25,Leeds,Brentford,5,2,H,58,30,64,25,10,14,L,D,W,L,D,W,L,W,L,W,194,LDWLD,WLWLW,5,9,0,0,0,0,0,0,0,0,39,2,-3,-4
16/08/25,Leeds,Brighton,0,2,A,47,77,45,15,53,74,L,W,W,D,L,W,W,W,D,W,195,LWWDL,WWWDW,7,13,0,0,0,0,1,0,0,0,4,50,-15,-6
16/08/25,Leeds,Burnley,3,1,H,13,13,38,62,53,71,D,W,D,W,D,L,L,D,D,L,196,DWDWD,LLDDL,9,2,0,0,0,0,0,0,0,0,35,40,12,7
16/08/25,Leeds,Chelsea,4,3,H,38,70,67,18,12,39,L,D,D,W,L,W,W,L,W,W,197,LDDWL,WWLWW,5,12,0,0,0,0,0,0,0,0,37,20,13,-7
16/08/25,Leeds,Crystal Palace,3,0,H,42,79,12,38,43,41,W,L,W,L,D,W,L,W,L,W,198,WLWLD,WLWLW,7,9,0,0,0,0,0,0,0,0,16,36,-1,-2
16/08/25,Leeds,Everton,3,3,D,64,68,51,50,86,6,W,W,W,L,W,D,L,D,L,W,199,WWWLW,DLDLW,12,5,1,0,0,0,0,0,0,0,-4,25,-4,7
16/08/25,Leeds,Fulham,5,4,H,21,63,26,33,61,60,W,D,W,L,D,D,W,L,L,D,200,WDWLD,DWLLD,8,5,0,0,0,0,0,0,0,0,-24,-10,-1,3
16/08/25,Leeds,Liverpool,1,2,A,70,32,29,34,37,45,L,L,D,L,D,L,D,W,W,L,201,LLDLD,LDWWL,2,7,0,0,0,0,0,0,0,0,6,11,14,-5
16/08/25,Leeds,Man City,3,2,H,41,51,61,27,53,46,W,W,D,L,D,W,W,D,W,L,202,WWDLD,WWDWL,8,10,0,0,0,0,0,0,0,0,15,34,-3,-2
16/08/25,Leeds,Man United,1,4,A,16,53,25,37,62,73,L,W,L,W,L,W,D,W,W,L,203,LWLWL,WDWWL,6,10,0,0,0,0,0,0,0,0,41,36,14,-4
16/08/25,Leeds,Newcastle,3,1,H,57,54,57,70,12,5,L,D,W,W,W,D,W,L,L,L,204,LDWWW,DWLLL,10,4,0,0,0,0,0,0,0,0,30,43,9,6
16/08/25,Leeds,Nottingham Forest,5,1,H,57,70,28,29,51,7,D,L,L,D,W,L,L,W,L,D,205,DLLDW,LLWLD,5,4,0,0,0,0,0,0,0,0,15,20,3,1
16/08/25,Leeds,Sunderland,5,3,H,24,10,12,39,45,85,D,D,L,W,W,L,D,D,D,L,206,DDLWW,LDDDL,8,3,0,0,0,0,0,0,0,0,-6,-8,-18,5
16/08/25,Leeds,Tottenham,0,1,A,75,72,12,34,28,41,W,W,W,W,W,L,D,L,W,L,207,WWWWW,LDLWL,15,4,1,1,0,0,0,0,0,0,16,42,1,11
16/08/25,Leeds,West Ham,4,1,H,80,77,42,63,78,82,D,W,D,W,W,L,W,D,D,W,208,DWDWW,LWDDW,11,8,0,0,0,0,0,0,0,0,7,28,3,3
16/08/25,Leeds,Wolves,4,1,H,61,75,57,59,49,9,D,L,W,W,L,L,L,D,L,D,209,DLWWL,LLDLD,7,2,0,0,0,0,0,0,0,0,10,8,-3,5
16/08/25,Liverpool,Arsenal,3,2,H,51,61,45,67,71,1,L,L,L,W,D,L,L,W,L,L,210,LLLWD,LLWLL,4,3,0,0,1,0,0,0,0,0,11,15,-8,1
16/08/25,Liverpool,Aston Villa,0,2,A,17,65,54,47,68,60,L,L,L,L,D,D,D,L,D,W,211,LLLLD,DDLDW,1,6,0,0,1,0,0,0,0,0,15,-25,4,-5
16/08/25,Liverpool,Bournemouth,1,0,H,31,44,64,15,14,10,L,L,W,L,D,L,D,L,W,D,212,LLWLD,LDLWD,4,5,0,0,0,0,0,0,0,0,48,-13,17,-1
16/08/25,Liverpool,Brentford,1,4,A,67,36,41,42,76,5,D,L,D,W,W,W,D,D,L,W,213,DLDWW,WDDLW,8,8,0,0,0,0,0,0,0,0,-18,-5,-20,0
16/08/25,Liverpool,Brighton,5,4,H,42,40,30,40,23,85,W,L,D,L,W,W,W,W,L,L,214,WLDLW,WWWLL,7,9,0,0,0,0,1,0,0,0,0,1,-19,-2
16/08/25,Liverpool,Burnley,4,3,H,35,13,19,64,84,11,L,L,W,W,L,L,D,D,D,L,215,LLWWL,LDDDL,6,3,0,0,0,0,0,0,0,0,50,-4,-14,3
16/08/25,Liverpool,Chelsea,2,0,H,20,33,60,41,23,60,L,W,L,W,L,D,L,W,W,L,216,LWLWL,DLWWL,6,7,0,0,0,0,0,0,0,0,42,12,-7,-1
16/08/25,Liverpool,Crystal Palace,0,4,A,57,47,47,41,45,32,D,L,W,W,W,W,L,L,D,L,217,DLWWW,WLLDL,10,4,0,0,0,0,0,0,0,0,-1,-26,19,6
16/08/25,Liverpool,Everton,0,4,A,41,47,40,26,38,10,W,D,D,W,W,D,W,L,L,W,218,WDDWW,DWLLW,11,7,0,0,0,0,0,0,0,0,1,23,14,4
16/08/25,Liverpool,Fulham,4,3,H,71,43,52,20,0,42,L,L,D,D,D,W,D,L,W,D,219,LLDDD,WDLWD,3,8,0,0,0,0,0,0,0,0,-7,-4,-17,-5
16/08/25,Liverpool,Leeds,1,1,D,11,79,43,32,57,5,W,W,W,L,D,D,W,L,L,D,220,WWWLD,DWLLD,10,5,1,0,0,0,0,0,0,0,10,0,19,5
16/08/25,Liverpool,Man City,3,0,H,37,73,57,12,28,56,W,L,W,W,D,W,L,D,L,D,221,WLWWD,WLDLD,10,5,0,0,0,0,0,0,0,0,32,5,-10,5
16/08/25,Liverpool,Man United,2,3,A,44,62,70,61,63,90,W,L,D,L,W,D,W,L,D,L,222,WLDLW,DWLDL,7,5,0,0,0,0,0,0,0,0,-20,47,-5,2
16/08/25,Liverpool,Newcastle,4,3,H,57,38,39,13,14,46,D,L,L,D,D,W,L,L,L,D,223,DLLDD,WLLLD,3,4,0,0,0,0,0,0,0,0,19,-2,-15,-1
16/08/25,Liverpool,Nottingham Forest,5,3,H,80,33,61,41,69,16,D,W,W,L,D,D,D,D,D,W,224,DWWLD,DDDDW,8,7,0,0,0,0,0,0,0,0,-2,-10,13,1
16/08/25,Liverpool,Sunderland,1,1,D,13,68,15,11,82,67,W,L,D,W,W,W,D,D,L,D,225,WLDWW,WDDLD,10,6,0,0,0,0,0,0,0,0,37,-20,7,4
16/08/25,Liverpool,Tottenham,2,2,D,52,40,26,67,70,89,W,W,L,L,W,D,D,L,L,L,226,WWLLW,DDLLL,9,2,0,0,0,0,0,0,0,0,-5,36,18,7
16/08/25,Liverpool,West Ham,2,1,H,70,28,33,46,79,2,W,W,D,D,W,L,L,L,D,L,227,WWDDW,LLLDL,11,1,0,0,0,0,0,0,1,0,-29,31,5,10
16/08/25,Liverpool,Wolves,2,4,A,17,68,66,56,37,24,W,L,D,W,W,D,W,L,W,W,228,WLDWW,DWLWW,10,10,0,0,0,0,0,0,0,0,47,11,-11,0
16/08/25,Man City,Arsenal,2,0,H,74,38,51,55,2,36,D,W,L,D,L,D,W,L,D,D,229,DWLDL,DWLDD,5,6,0,0,0,0,0,0,0,0,43,22,-9,-1
16/08/25,Man City,Aston Villa,4,2,H,32,58,54,65,83,24,L,D,D,W,L,L,W,D,W,W,230,LDDWL,LWDWW,5,10,0,0,0,0,0,0,0,0,47,19,4,-5
16/08/25,Man City,Bournemouth,0,1,A,64,13,34,31,16,44,L,D,W,D,D,D,W,L,D,W,231,LDWDD,DWLDW,6,8,0,0,0,0,0,0,0,0,-8,43,-9,-2
16/08/25,Man City,Brentford,0,0,D,80,39,47,22,19,86,D,W,W,W,L,L,W,D,W,D,232,DWWWL,LWDWD,10,8,0,0,0,0,0,0,0,0,41,-1,-15,2
16/08/25,Man City,Brighton,1,1,D,13,34,39,34,64,84,W,D,W,D,W,W,W,D,W,W,233,WDWDW,WWDWW,11,13,0,0,0,0,0,0,0,0,17,19,20,-2
16/08/25,Man City,Burnley,2,0,H,56,30,39,16,14,78,L,L,D,L,L,W,D,L,W,L,234,LLDLL,WDLWL,1,7,0,0,0,0,0,0,0,0,16,16,-15,-6
16/08/25,Man City,Chelsea,0,2,A,46,55,48,54,35,44,D,L,W,D,L,W,L,D,D,D,235,DLWDL,WLDDD,5,6,0,0,0,0,0,0,0,0,-17,46,-16,-1
16/08/25,Man City,Crystal Palace,0,0,D,37,55,44,67,58,77,W,W,W,D,D,L,L,D,W,W,236,WWWDD,LLDWW,11,7,1,0,0,0,0,0,0,0,14,-22,9,4
16/08/25,Man City,Everton,1,4,A,79,28,32,15,13,48,W,W,L,L,D,W,W,L,D,L,237,WWLLD,WWLDL,7,7,0,0,0,0,0,0,0,0,-4,15,-16,0
16/08/25,Man City,Fulham,2,4,A,46,34,25,50,17,20,D,L,L,D,W,L,W,L,L,W,238,DLLDW,LWLLW,5,6,0,0,0,0,0,0,0,0,48,38,-17,-1
16/08/25,Man City,Leeds,2,0,H,53,66,28,17,64,7,L,D,W,D,D,L,L,L,W,L,239,LDWDD,LLLWL,6,3,0,0,0,0,0,0,1,0,-29,31,-15,3
16/08/25,Man City,Liverpool,0,1,A,79,49,40,57,32,42,W,L,D,D,D,W,L,W,L,D,240,WLDDD,WLWLD,6,7,0,0,0,0,0,0,0,0,11,16,-7,-1
16/08/25,Man City,Man United,2,0,H,49,34,24,49,51,73,W,D,L,L,L,D,D,D,W,L,241,WDLLL,DDDWL,4,6,0,0,0,0,0,0,0,0,3,41,10,-2
16/08/25,Man City,Newcastle,2,1,H,71,80,10,28,84,1,W,L,W,L,W,W,D,D,D,L,242,WLWLW,WDDDL,9,6,0,0,0,0,0,0,0,0,-16,26,0,3
16/08/25,Man City,Nottingham Forest,1,2,A,27,77,43,43,90,45,W,D,W,D,L,D,D,W,W,L,243,WDWDL,DDWWL,8,8,0,0,0,0,0,0,0,0,-21,40,1,0
16/08/25,Man City,Sunderland,5,2,H,59,73,47,28,14,31,W,D,D,D,L,W,D,W,D,W,244,WDDDL,WDWDW,6,11,0,0,0,0,0,0,0,0,41,2,-15,-5
16/08/25,Man City,Tottenham,0,0,D,14,33,17,41,7,81,L,L,L,L,D,L,W,D,L,L,245,LLLLD,LWDLL,1,4,0,0,1,0,0,0,0,0,-10,-18,0,-3
16/08/25,Man City,West Ham,4,4,D,80,36,29,30,58,1,L,W,D,D,D,W,L,W,L,W,246,LWDDD,WLWLW,6,9,0,0,0,0,0,0,0,0,16,-2,11,-3
16/08/25,Man City,Wolves,2,2,D,70,30,47,40,54,9,L,D,D,D,D,W,L,D,W,W,247,LDDDD,WLDWW,4,10,0,0,0,0,0,0,0,0,-1,23,17,-6
16/08/25,Man United,Arsenal,4,4,D,45,19,62,70,80,30,L,D,L,D,L,D,D,L,D,D,248,LDLDL,DDLDD,2,4,0,0,0,0,0,0,0,0,27,46,17,-2
16/08/25,Man United,Aston Villa,1,2,A,43,45,29,20,66,17,D,W,D,D,D,D,L,L,W,W,249,DWDDD,DLLWW,7,7,0,0,0,0,0,0,0,0,-15,-26,-12,0
16/08/25,Man United,Bournemouth,5,2,H,75,24,60,47,34,84,L,D,D,L,W,D,L,L,L,D,250,LDDLW,DLLLD,5,2,0,0,0,0,0,0,0,0,38,47,4,3
16/08/25,Man United,Brentford,3,0,H,19,65,62,59,39,47,D,W,D,L,D,L,D,W,D,W,251,DWDLD,LDWDW,6,8,0,0,0,0,0,0,0,0,29,46,-2,-2
16/08/25,Man United,Brighton,0,4,A,60,41,65,11,53,47,W,D,D,L,D,L,W,D,L,W,252,WDDLD,LWDLW,6,7,0,0,0,0,0,0,0,0,-20,8,8,-1
16/08/25,Man United,Burnley,2,4,A,34,56,45,66,81,19,D,D,L,D,D,W,L,W,D,L,253,DDLDD,WLWDL,4,7,0,0,0,0,0,0,0,0,6,6,-3,-3
16/08/25,Man United,Chelsea,1,2,A,32,60,13,11,47,76,L,D,W,W,W,L,D,L,D,L,254,LDWWW,LDLDL,10,2,0,0,0,0,0,0,0,0,-20,-25,-18,8
16/08/25,Man United,Crystal Palace,2,0,H,52,74,47,41,78,35,W,D,W,D,L,D,L,D,D,W,255,WDWDL,DLDDW,8,6,0,0,0,0,0,0,0,0,47,27,4,2
16/08/25,Man United,Everton,5,2,H,65,20,68,45,67,85,W,W,D,D,L,W,D,W,W,D,256,WWDDL,WDWWD,8,11,0,0,0,0,0,0,0,0,21,-6,-18,-3
16/08/25,Man United,Fulham,3,4,A,10,48,36,36,37,34,D,D,L,D,D,D,W,D,W,W,257,DDLDD,DWDWW,4,11,0,0,0,0,0,0,0,0,-6,-2,11,-7
16/08/25,Man United,Leeds,1,1,D,51,55,11,45,42,13,D,D,D,W,D,D,D,D,D,L,258,DDDWD,DDDDL,7,4,0,0,0,0,0,0,0,0,-17,14,15,3
16/08/25,Man United,Liverpool,1,2,A,56,46,61,58,11,5,L,D,D,W,L,L,L,W,W,W,259,LDDWL,LLWWW,5,9,0,0,0,0,0,0,0,0,-6,29,16,-4
16/08/25,Man United,Man City,1,0,H,43,66,37,49,26,80,L,L,L,L,L,W,D,W,D,W,260,LLLLL,WDWDW,0,11,0,0,1,1,0,0,0,0,-8,46,20,-11
16/08/25,Man United,Newcastle,5,1,H,46,11,55,25,39,53,L,W,D,D,W,W,W,D,D,W,261,LWDDW,WWDDW,8,11,0,0,0,0,0,0,0,0,-7,4,14,-3
16/08/25,Man United,Nottingham Forest,4,0,H,20,28,57,59,63,41,L,D,D,D,W,L,L,W,D,L,262,LDDDW,LLWDL,6,4,0,0,0,0,0,0,0,0,-5,30,-9,2
16/08/25,Man United,Sunderland,1,4,A,12,24,24,65,90,72,L,W,W,D,D,L,L,W,W,W,263,LWWDD,LLWWW,8,9,0,0,0,0,0,0,0,0,34,1,7,-1
16/08/25,Man United,Tottenham,0,4,A,56,54,26,67,60,86,L,W,W,L,W,W,L,D,W,L,264,LWWLW,WLDWL,9,7,0,0,0,0,0,0,0,0,41,22,17,2
16/08/25,Man United,West Ham,2,0,H,32,52,68,58,10,44,W,D,W,L,D,W,D,D,W,D,265,WDWLD,WDDWD,8,9,0,0,0,0,0,0,0,0,-29,-25,16,-1
16/08/25,Man United,Wolves,2,0,H,13,30,68,70,79,24,L,L,D,W,D,L,L,D,D,L,266,LLDWD,LLDDL,5,2,0,0,0,0,0,0,0,0,43,32,1,3
16/08/25,Newcastle,Arsenal,3,3,D,48,15,26,56,7,43,L,W,W,W,W,D,W,W,D,D,267,LWWWW,DWWDD,12,9,0,0,0,0,0,0,0,0,-4,15,11,3
16/08/25,Newcastle,Aston Villa,4,4,D,49,27,69,62,84,63,W,L,W,L,W,D,W,L,W,W,268,WLWLW,DWLWW,9,10,0,0,0,0,0,0,0,0,18,-20,9,-1
16/08/25,Newcastle,Bournemouth,2,0,H,70,65,52,39,40,86,W,W,D,W,L,D,L,D,D,L,269,WWDWL,DLDDL,10,3,0,0,0,0,0,0,0,0,24,25,5,7
16/08/25,Newcastle,Brentford,3,2,H,78,70,62,34,65,76,L,D,W,D,L,W,D,D,L,W,270,LDWDL,WDDLW,5,8,0,0,0,0,0,0,0,0,27,24,18,-3
16/08/25,Newcastle,Brighton,5,3,H,55,41,19,19,63,30,W,W,L,L,L,W,L,W,L,W,271,WWLLL,WLWLW,6,9,0,0,0,0,0,0,0,0,24,-8,-4,-3
16/08/25,Newcastle,Burnley,0,1,A,14,30,57,55,89,17,L,L,D,D,W,D,L,W,L,D,272,LLDDW,DLWLD,5,5,0,0,0,0,0,0,0,0,22,5,-13,0
16/08/25,Newcastle,Chelsea,5,0,H,59,44,43,37,3,58,L,L,D,L,L,L,D,W,L,D,273,LLDLL,LDWLD,1,5,0,0,0,0,0,0,0,0,9,-2,14,-4
16/08/25,Newcastle,Crystal Palace,3,1,H,43,64,65,48,39,77,D,L,W,D,L,L,D,W,L,W,274,DLWDL,LDWLW,5,7,0,0,0,0,0,0,0,0,37,14,3,-2
16/08/25,Newcastle,Everton,1,1,D,42,61,36,52,36,29,W,W,D,W,W,W,L,D,L,D,275,WWDWW,WLDLD,13,5,0,0,0,0,0,0,0,0,-26,32,17,8
16/08/25,Newcastle,Fulham,0,3,A,56,36,63,57,8,84,D,L,L,D,W,D,L,L,D,L,276,DLLDW,DLLDL,5,2,0,0,0,0,0,0,0,0,25,45,13,3
16/08/25,Newcastle,Leeds,0,0,D,10,18,67,70,14,61,W,L,D,W,W,L,W,L,D,D,277,WLDWW,LWLDD,10,5,0,0,0,0,0,0,0,0,31,9,-3,5
16/08/25,Newcastle,Liverpool,1,0,H,43,24,21,58,5,38,L,L,D,L,W,W,W,D,L,D,278,LLDLW,WWDLD,4,8,0,0,0,0,0,0,0,0,13,30,1,-4
16/08/25,Newcastle,Man City,4,4,D,71,23,39,65,16,10,L,W,W,D,D,W,W,W,L,W,279,LWWDD,WWWLW,8,12,0,0,0,0,1,0,0,0,34,-13,5,-4
16/08/25,Newcastle,Man United,0,2,A,69,35,43,32,62,33,L,L,L,L,D,W,W,L,L,W,280,LLLLD,WWLLW,1,9,0,0,1,0,0,0,0,0,44,38,-20,-8
16/08/25,Newcastle,Nottingham Forest,4,3,H,74,59,19,10,85,58,L,D,L,L,D,L,L,W,L,W,281,LDLLD,LLWLW,2,6,0,0,0,0,0,0,0,0,47,9,7,-4
16/08/25,Newcastle,Sunderland,4,4,D,16,19,25,18,39,50,D,W,L,L,D,W,L,W,L,L,282,DWLLD,WLWLL,5,6,0,0,0,0,0,0,0,0,-19,-21,16,-1
16/08/25,Newcastle,Tottenham,0,2,A,51,22,16,21,0,36,W,L,W,W,D,D,D,W,W,D,283,WLWWD,DDWWD,10,9,0,0,0,0,0,0,0,0,-28,3,-9,1
16/08/25,Newcastle,West Ham,3,4,A,16,29,69,50,89,41,W,W,W,D,L,W,D,W,D,W,284,WWWDL,WDWDW,10,11,1,0,0,0,0,0,0,0,11,3,-2,-1
16/08/25,Newcastle,Wolves,2,1,H,15,38,44,69,50,68,W,W,L,L,W,L,W,D,D,D,285,WWLLW,LWDDD,9,6,0,0,0,0,0,0,0,0,36,-22,-13,3
16/08/25,Nottingham Forest,Arsenal,4,2,H,57,77,31,26,77,61,L,D,W,L,L,L,L,D,W,D,286,LDWLL,LLDWD,4,5,0,0,0,0,0,0,0,0,-7,41,-9,-1
16/08/25,Nottingham Forest,Aston Villa,0,4,A,53,34,65,44,23,66,W,W,L,L,L,L,D,D,L,L,287,WWLLL,LDDLL,6,2,0,0,0,0,0,0,0,0,-30,-3,-7,4
16/08/25,Nottingham Forest,Bournemouth,1,4,A,54,73,31,22,3,16,W,W,L,D,D,L,L,D,L,L,288,WWLDD,LLDLL,8,1,0,0,0,0,0,0,0,0,-29,27,-18,7
16/08/25,Nottingham Forest,Brentford,2,1,H,46,43,40,38,6,58,L,L,W,W,L,D,W,W,D,L,289,LLWWL,DWWDL,6,8,0,0,0,0,0,0,0,0,-23,-21,7,-2
16/08/25,Nottingham Forest,Brighton,2,2,D,73,58,70,49,84,51,L,D,L,D,L,D,L,L,W,W,290,LDLDL,DLLWW,2,7,0,0,0,0,0,0,0,0,27,33,-16,-5
16/08/25,Nottingham Forest,Burnley,5,0,H,24,36,42,16,54,66,W,D,W,D,D,D,L,L,W,L,291,WDWDD,DLLWL,9,4,0,0,0,0,0,0,0,0,24,22,3,5
16/08/25,Nottingham Forest,Chelsea,5,1,H,51,55,62,68,64,15,L,D,L,D,L,D,L,D,D,W,292,LDLDL,DLDDW,2,6,0,0,0,0,0,0,0,0,18,36,14,-4
16/08/25,Nottingham Forest,Crystal Palace,4,0,H,74,80,16,24,46,76,D,W,L,L,D,W,L,D,D,W,293,DWLLD,WLDDW,5,8,0,0,0,0,0,0,0,0,13,-7,8,-3
16/08/25,Nottingham Forest,Everton,4,3,H,63,35,34,65,10,89,D,D,W,D,D,W,W,D,W,L,294,DDWDD,WWDWL,7,10,0,0,0,0,0,0,0,0,-29,39,8,-3
16/08/25,Nottingham Forest,Fulham,3,0,H,29,39,46,50,62,17,W,L,W,W,L,D,W,D,L,D,295,WLWWL,DWDLD,9,6,0,0,0,0,0,0,0,0,6,-15,5,3
16/08/25,Nottingham Forest,Leeds,4,2,H,65,25,46,33,20,47,L,L,D,W,D,L,D,W,W,D,296,LLDWD,LDWWD,5,8,0,0,0,0,0,0,0,0,-12,-10,18,-3
16/08/25,Nottingham Forest,Liverpool,1,4,A,52,66,30,35,34,47,W,D,D,L,D,D,D,D,L,W,297,WDDLD,DDDLW,6,6,0,0,0,0,0,0,0,0,-25,5,-10,0
16/08/25,Nottingham Forest,Man City,3,1,H,58,41,53,20,90,54,W,W,W,L,W,W,L,D,W,W,298,WWWLW,WLDWW,12,10,1,0,0,0,0,0,0,0,22,-27,7,2
16/08/25,Nottingham Forest,Man United,1,4,A,33,63,28,58,19,15,W,W,D,W,D,W,W,W,W,D,299,WWDWD,WWWWD,11,13,0,0,0,0,1,0,0,0,47,0,7,-2
16/08/25,Nottingham Forest,Newcastle,1,2,A,56,68,55,54,2,8,D,D,L,D,L,W,W,D,W,W,300,DDLDL,WWDWW,3,13,0,0,0,0,0,0,0,0,-29,12,1,-10
16/08/25,Nottingham Forest,Sunderland,0,3,A,49,55,20,11,84,8,L,D,D,L,W,W,D,D,D,D,301,LDDLW,WDDDD,5,7,0,0,0,0,0,0,0,0,21,38,2,-2
16/08/25,Nottingham Forest,Tottenham,0,1,A,61,13,39,20,44,20,W,D,L,W,W,D,L,W,D,L,302,WDLWW,DLWDL,10,5,0,0,0,0,0,0,0,0,-29,21,-10,5
16/08/25,Nottingham Forest,West Ham,4,4,D,51,11,38,18,67,6,W,L,D,L,D,D,W,W,L,L,303,WLDLD,DWWLL,5,7,0,0,0,0,0,0,0,0,3,-28,-5,-2
16/08/25,Nottingham Forest,Wolves,4,2,H,45,44,60,48,34,48,W,W,W,W,L,W,W,D,D,D,304,WWWWL,WWDDD,12,9,1,0,0,0,0,0,0,0,50,8,-13,3
16/08/25,Sunderland,Arsenal,4,2,H,49,46,28,14,19,49,W,D,D,D,L,L,W,W,W,D,305,WDDDL,LWWWD,6,10,0,0,0,0,0,0,0,0,48,-26,13,-4
16/08/25,Sunderland,Aston Villa,3,0,H,70,78,11,38,85,59,L,W,D,L,W,W,D,D,L,W,306,LWDLW,WDDLW,7,8,0,0,0,0,0,0,0,0,6,25,2,-1
16/08/25,Sunderland,Bournemouth,0,1,A,71,64,21,30,48,48,W,L,W,L,W,L,W,D,D,W,307,WLWLW,LWDDW,9,8,0,0,0,0,0,0,0,0,-29,14,-13,1
16/08/25,Sunderland,Brentford,0,1,A,20,65,20,32,51,67,W,D,D,D,D,D,W,L,L,L,308,WDDDD,DWLLL,7,4,0,0,0,0,0,0,0,0,41,20,-4,3
16/08/25,Sunderland,Brighton,5,1,H,14,19,66,22,29,44,L,L,D,W,W,D,D,L,W,L,309,LLDWW,DDLWL,7,5,0,0,0,0,0,0,0,0,-9,12,16,2
16/08/25,Sunderland,Burnley,0,3,A,40,59,64,16,38,4,D,L,L,W,D,D,W,D,L,W,310,DLLWD,DWDLW,5,8,0,0,0,0,0,0,0,0,50,27,7,-3
16/08/25,Sunderland,Chelsea,2,0,H,26,67,38,63,73,28,L,D,W,D,W,W,L,W,L,W,311,LDWDW,WLWLW,8,9,0,0,0,0,0,0,0,0,11,-27,-5,-1
16/08/25,Sunderland,Crystal Palace,1,0,H,52,27,29,32,45,50,D,L,D,L,L,L,D,D,W,D,312,DLDLL,LDDWD,2,6,0,0,0,0,0,0,0,0,2,-21,6,-4
16/08/25,Sunderland,Everton,2,2,D,39,41,54,39,87,78,D,L,D,D,D,L,W,W,W,L,313,DLDDD,LWWWL,4,9,0,0,0,0,0,0,0,0,23,-20,-11,-5
16/08/25,Sunderland,Fulham,5,0,H,36,42,53,35,70,89,L,L,L,L,D,L,W,L,L,W,314,LLLLD,LWLLW,1,6,0,0,1,0,0,0,0,0,33,-16,15,-5
16/08/25,Sunderland,Leeds,5,1,H,38,41,37,11,38,39,W,W,D,W,D,W,D,W,W,L,315,WWDWD,WDWWL,11,10,0,0,0,0,0,0,0,0,18,0,16,1
16/08/25,Sunderland,Liverpool,4,0,H,18,10,39,44,5,53,W,W,D,W,W,W,W,D,D,L,316,WWDWW,WWDDL,13,8,0,0,0,0,0,0,0,0,12,-27,12,5
16/08/25,Sunderland,Man City,1,2,A,72,61,32,45,58,78,W,D,W,W,L,W,D,W,D,D,317,WDWWL,WDWDD,10,9,0,0,0,0,0,0,0,0,12,26,5,1
16/08/25,Sunderland,Man United,2,4,A,51,21,16,12,40,6,W,D,W,D,W,L,D,D,W,W,318,WDWDW,LDDWW,11,8,0,0,0,0,0,0,0,0,43,6,5,3
16/08/25,Sunderland,Newcastle,3,2,H,58,10,40,36,13,58,L,W,L,L,W,W,D,L,W,L,319,LWLLW,WDLWL,6,7,0,0,0,0,0,0,0,0,-23,-22,0,-1
16/08/25,Sunderland,Nottingham Forest,3,3,D,24,27,24,26,33,88,L,L,W,L,D,L,L,W,W,L,320,LLWLD,LLWWL,4,6,0,0,0,0,0,0,0,0,-5,26,14,-2
16/08/25,Sunderland,Tottenham,5,0,H,42,14,25,50,54,51,L,L,W,L,W,L,W,D,W,W,321,LLWLW,LWDWW,6,10,0,0,0,0,0,0,0,0,-5,3,-11,-4
16/08/25,Sunderland,West Ham,3,1,H,42,55,59,38,64,25,W,D,W,L,W,L,D,D,W,L,322,WDWLW,LDDWL,10,5,0,0,0,0,0,0,0,0,-30,25,-11,5
16/08/25,Sunderland,Wolves,2,4,A,37,13,10,37,29,69,W,W,D,L,D,L,D,D,L,W,323,WWDLD,LDDLW,8,5,0,0,0,0,0,0,0,0,-5,7,-2,3
16/08/25,Tottenham,Arsenal,4,1,H,13,46,70,40,31,56,D,W,W,L,W,L,L,D,L,W,324,DWWLW,LLDLW,10,4,0,0,0,0,0,0,0,0,3,40,-5,6
16/08/25,Tottenham,Aston Villa,3,1,H,34,36,16,14,23,63,L,L,L,L,L,L,D,L,W,L,325,LLLLL,LDLWL,0,4,0,0,1,1,0,0,0,0,33,-17,-9,-4
16/08/25,Tottenham,Bournemouth,3,1,H,61,80,36,40,78,16,D,W,L,D,L,W,W,L,D,L,326,DWLDL,WWLDL,5,7,0,0,0,0,0,0,0,0,5,22,-5,-2
16/08/25,Tottenham,Brentford,0,3,A,59,54,42,66,34,73,D,L,D,L,W,L,D,D,W,W,327,DLDLW,LDDWW,5,8,0,0,0,0,0,0,0,0,-9,-18,16,-3
16/08/25,Tottenham,Brighton,3,2,H,23,75,41,25,5,12,L,W,D,D,L,L,D,W,L,D,328,LWDDL,LDWLD,5,5,0,0,0,0,0,0,0,0,27,-19,-15,0
16/08/25,Tottenham,Burnley,5,3,H,65,53,65,13,34,49,L,D,L,W,L,L,W,W,D,D,329,LDLWL,LWWDD,4,8,0,0,0,0,0,0,0,0,49,10,6,-4
16/08/25,Tottenham,Chelsea,5,2,H,51,42,46,57,86,87,D,W,D,W,D,W,D,L,W,D,330,DWDWD,WDLWD,9,8,0,0,0,0,0,0,0,0,14,4,10,1
16/08/25,Tottenham,Crystal Palace,2,0,H,49,17,54,32,80,69,L,D,D,L,L,L,L,W,L,D,331,LDDLL,LLWLD,2,4,0,0,0,0,0,0,0,0,-1,23,-7,-2
16/08/25,Tottenham,Everton,3,4,A,49,42,33,30,43,43,D,L,W,D,L,L,L,W,W,W,332,DLWDL,LLWWW,5,9,0,0,0,0,0,0,0,0,30,-25,-7,-4
16/08/25,Tottenham,Fulham,5,0,H,56,58,37,15,9,7,L,D,L,L,D,D,D,W,L,D,333,LDLLD,DDWLD,2,6,0,0,0,0,0,0,0,0,-16,17,-12,-4
16/08/25,Tottenham,Leeds,1,4,A,28,31,21,44,21,67,L,W,D,L,D,L,L,D,L,W,334,LWDLD,LLDLW,5,4,0,0,0,0,0,0,0,0,-7,-23,-18,1
16/08/25,Tottenham,Liverpool,0,0,D,28,43,38,44,55,46,D,L,W,L,D,L,W,D,D,W,335,DLWLD,LWDDW,5,8,0,0,0,0,0,0,0,0,28,21,-8,-3
16/08/25,Tottenham,Man City,5,1,H,34,49,53,53,12,85,D,D,W,D,L,L,W,D,L,D,336,DDWDL,LWDLD,6,5,0,0,0,0,0,0,0,0,37,-3,-19,1
16/08/25,Tottenham,Man United,2,2,D,48,72,20,31,2,58,L,W,W,W,L,D,L,D,L,L,337,LWWWL,DLDLL,9,2,0,0,0,0,0,0,0,0,22,44,7,7
16/08/25,Tottenham,Newcastle,2,1,H,64,47,67,35,40,55,D,L,L,D,W,L,D,L,D,D,338,DLLDW,LDLDD,5,3,0,0,0,0,0,0,0,0,43,33,-5,2
16/08/25,Tottenham,Nottingham Forest,0,4,A,60,39,38,69,88,33,L,L,D,D,D,L,W,W,W,W,339,LLDDD,LWWWW,3,12,0,0,0,0,0,0,0,0,-28,21,-15,-9
16/08/25,Tottenham,Sunderland,4,3,H,38,10,54,51,16,15,D,L,L,L,W,D,L,D,D,W,340,DLLLW,DLDDW,4,6,0,0,0,0,0,0,0,0,-23,-12,-3,-2
16/08/25,Tottenham,West Ham,4,4,D,80,21,68,55,3,72,D,W,D,L,L,D,L,L,L,W,341,DWDLL,DLLLW,5,4,0,0,0,0,0,0,0,0,39,6,18,1
16/08/25,Tottenham,Wolves,5,1,H,66,19,20,49,34,22,D,L,D,D,L,W,L,L,W,D,342,DLDDL,WLLWD,3,7,0,0,0,0,0,0,0,0,5,34,-15,-4
16/08/25,West Ham,Arsenal,1,0,H,73,75,66,62,48,23,W,L,D,W,L,D,D,L,L,L,343,WLDWL,DDLLL,7,2,0,0,0,0,0,0,0,0,48,8,-8,5
16/08/25,West Ham,Aston Villa,2,1,H,58,27,27,44,86,86,D,W,D,W,W,L,D,W,W,D,344,DWDWW,LDWWD,11,8,0,0,0,0,0,0,0,0,26,-28,-1,3
16/08/25,West Ham,Bournemouth,0,0,D,78,54,61,29,81,37,D,L,D,L,W,W,D,D,L,D,345,DLDLW,WDDLD,5,6,0,0,0,0,0,0,0,0,-27,-17,-4,-1
16/08/25,West Ham,Brentford,5,3,H,80,23,27,27,23,31,L,L,L,W,W,L,D,D,W,L,346,LLLWW,LDDWL,6,5,0,0,1,0,0,0,0,0,38,31,-15,1
16/08/25,West Ham,Brighton,2,1,H,67,53,22,39,14,3,D,W,D,L,L,W,W,D,W,D,347,DWDLL,WWDWD,5,11,0,0,0,0,0,0,0,0,15,-23,-19,-6
16/08/25,West Ham,Burnley,4,2,H,74,65,15,63,77,58,D,L,W,L,D,L,D,W,W,D,348,DLWLD,LDWWD,5,8,0,0,0,0,0,0,0,0,30,42,16,-3
16/08/25,West Ham,Chelsea,2,4,A,15,80,39,36,45,23,W,D,D,W,D,W,L,D,W,D,349,WDDWD,WLDWD,9,8,0,0,0,0,0,0,0,0,46,-16,9,1
16/08/25,West Ham,Crystal Palace,2,0,H,47,70,49,65,48,73,L,D,D,W,W,D,D,D,W,W,350,LDDWW,DDDWW,8,9,0,0,0,0,0,0,0,0,38,-18,13,-1
16/08/25,West Ham,Everton,4,4,D,23,22,64,57,29,13,D,W,W,W,W,D,W,D,L,W,351,DWWWW,DWDLW,13,8,0,0,0,0,0,0,0,0,49,24,-14,5
16/08/25,West Ham,Fulham,3,0,H,39,47,19,55,4,66,D,D,L,D,D,L,D,D,D,W,352,DDLDD,LDDDW,4,6,0,0,0,0,0,0,0,0,8,50,-9,-2
16/08/25,West Ham,Leeds,0,1,A,24,34,13,68,22,52,L,D,L,L,D,W,W,D,D,L,353,LDLLD,WWDDL,2,8,0,0,0,0,0,0,0,0,30,37,2,-6
16/08/25,West Ham,Liverpool,3,4,A,54,19,24,33,19,20,L,D,W,L,W,L,W,W,W,W,354,LDWLW,LWWWW,7,12,0,0,0,0,0,0,0,0,-11,-15,1,-5
16/08/25,West Ham,Man City,1,2,A,16,44,56,40,90,77,D,D,L,W,D,L,L,L,W,W,355,DDLWD,LLLWW,6,6,0,0,0,0,0,0,1,0,-22,2,19,0
16/08/25,West Ham,Man United,4,4,D,68,16,41,32,72,60,W,W,D,L,W,W,L,W,L,D,356,WWDLW,WLWLD,10,7,0,0,0,0,0,0,0,0,-6,-9,6,3
16/08/25,West Ham,Newcastle,2,4,A,74,75,31,16,45,8,D,L,W,D,D,W,W,L,L,D,357,DLWDD,WWLLD,6,7,0,0,0,0,0,0,0,0,23,-15,-16,-1
16/08/25,West Ham,Nottingham Forest,2,4,A,51,73,50,67,71,3,D,W,D,L,L,W,L,D,L,W,358,DWDLL,WLDLW,5,7,0,0,0,0,0,0,0,0,30,35,-3,-2
16/08/25,West Ham,Sunderland,0,2,A,52,45,63,64,10,51,L,L,W,L,W,D,L,L,W,D,359,LLWLW,DLLWD,6,5,0,0,0,0,0,0,0,0,37,-13,8,1
16/08/25,West Ham,Tottenham,2,1,H,11,37,24,13,48,29,W,D,W,L,W,D,L,W,L,D,360,WDWLW,DLWLD,10,5,0,0,0,0,0,0,0,0,-18,24,19,5
16/08/25,West Ham,Wolves,2,3,A,54,15,69,50,84,69,L,D,L,W,L,D,L,W,L,W,361,LDLWL,DLWLW,4,7,0,0,0,0,0,0,0,0,20,12,-11,-3
16/08/25,Wolves,Arsenal,2,3,A,12,42,52,57,68,7,D,W,W,W,W,L,W,W,L,D,362,DWWWW,LWWLD,13,7,0,0,0,0,0,0,0,0,15,27,-15,6
16/08/25,Wolves,Aston Villa,4,0,H,40,22,60,19,1,3,D,L,W,D,L,W,W,W,W,D,363,DLWDL,WWWWD,5,13,0,0,0,0,1,0,0,0,-15,-17,-4,-8
16/08/25,Wolves,Bournemouth,2,3,A,63,52,17,20,34,11,D,D,W,W,W,L,W,D,L,L,364,DDWWW,LWDLL,11,4,0,0,0,0,0,0,0,0,1,32,-4,7
16/08/25,Wolves,Brentford,5,1,H,49,47,18,12,47,40,L,D,L,D,L,D,W,L,D,W,365,LDLDL,DWLDW,2,8,0,0,0,0,0,0,0,0,-20,-10,15,-6
16/08/25,Wolves,Brighton,4,1,H,74,10,41,43,56,81,D,W,W,W,W,W,W,D,D,D,366,DWWWW,WWDDD,13,9,0,0,0,0,0,0,0,0,5,-17,10,4
16/08/25,Wolves,Burnley,5,2,H,68,53,11,59,29,37,D,L,W,D,D,W,W,W,D,D,367,DLWDD,WWWDD,6,11,0,0,0,0,1,0,0,0,38,15,-3,-5
16/08/25,Wolves,Chelsea,2,1,H,51,23,61,10,52,35,L,L,L,W,L,W,W,D,L,L,368,LLLWL,WWDLL,3,7,0,0,1,0,0,0,0,0,-15,-12,13,-4
16/08/25,Wolves,Crystal Palace,5,3,H,72,77,29,26,66,26,D,D,D,L,W,L,D,L,W,L,369,DDDLW,LDLWL,6,4,0,0,0,0,0,0,0,0,47,45,19,2
16/08/25,Wolves,Everton,2,0,H,21,47,39,14,29,88,L,D,D,L,L,D,L,W,W,D,370,LDDLL,DLWWD,2,8,0,0,0,0,0,0,0,0,10,49,16,-6
16/08/25,Wolves,Fulham,3,2,H,54,46,52,37,83,24,D,W,L,D,D,W,W,W,D,L,371,DWLDD,WWWDL,6,10,0,0,0,0,1,0,0,0,32,-18,-6,-4
16/08/25,Wolves,Leeds,3,0,H,73,77,46,13,51,13,W,L,D,W,L,L,W,D,L,L,372,WLDWL,LWDLL,7,4,0,0,0,0,0,0,0,0,-5,-5,-5,3
16/08/25,Wolves,Liverpool,0,1,A,61,45,29,42,15,61,D,L,W,L,L,L,W,D,L,L,373,DLWLL,LWDLL,4,4,0,0,0,0,0,0,0,0,-9,-5,18,0
16/08/25,Wolves,Man City,5,4,H,11,51,15,69,79,19,D,L,D,W,D,L,W,L,W,L,374,DLDWD,LWLWL,6,6,0,0,0,0,0,0,0,0,-20,41,-5,0
16/08/25,Wolves,Man United,0,1,A,66,45,45,50,76,83,L,D,W,W,L,D,D,D,D,D,375,LDWWL,DDDDD,7,5,0,0,0,0,0,0,0,0,23,-11,1,2
16/08/25,Wolves,Newcastle,5,1,H,77,27,15,17,53,48,W,D,L,W,L,W,D,W,D,D,376,WDLWL,WDWDD,7,9,0,0,0,0,0,0,0,0,-10,-29,20,-2
16/08/25,Wolves,Nottingham Forest,1,2,A,28,18,56,30,65,34,L,W,W,W,D,L,W,L,D,W,377,LWWWD,LWLDW,10,7,0,0,0,0,0,0,0,0,7,13,-17,3
16/08/25,Wolves,Sunderland,4,1,H,42,51,47,39,34,36,D,W,D,D,W,D,L,D,W,W,378,DWDDW,DLDWW,9,8,0,0,0,0,0,0,0,0,-26,-1,-20,1
16/08/25,Wolves,Tottenham,2,3,A,61,77,12,52,80,25,D,D,W,D,L,L,L,D,W,D,379,DDWDL,LLDWD,6,5,0,0,0,0,0,0,0,0,-6,38,-11,1
16/08/25,Wolves,West Ham,5,2,H,26,67,62,27,68,85,D,L,D,L,D,W,L,W,D,W,380,DLDLD,WLWDW,3,10,0,0,0,0,0,0,0,0,23,29,-8,-7
